[{"model": "admin.logentry", "pk": 1, "fields": {"action_time": "2024-01-16T09:49:32.755Z", "user": 1, "content_type": 7, "object_id": "6", "object_repr": "(JobPost 6, Salary: 8000.0)", "action_flag": 2, "change_message": "[{\"changed\": {\"fields\": [\"Description\"]}}]"}}, {"model": "admin.logentry", "pk": 2, "fields": {"action_time": "2024-01-16T10:08:10.926Z", "user": 1, "content_type": 7, "object_id": "6", "object_repr": "(JobPost 6, Salary: 8000.0)", "action_flag": 2, "change_message": "[{\"changed\": {\"fields\": [\"Expiry Date\"]}}]"}}, {"model": "admin.logentry", "pk": 3, "fields": {"action_time": "2024-01-18T14:56:22.515Z", "user": 1, "content_type": 10, "object_id": "3", "object_repr": "Skills: Skill-3", "action_flag": 2, "change_message": "[{\"changed\": {\"fields\": [\"Name\"]}}]"}}, {"model": "admin.logentry", "pk": 4, "fields": {"action_time": "2024-01-18T14:56:52.522Z", "user": 1, "content_type": 10, "object_id": "3", "object_repr": "Skills: JavaScript", "action_flag": 2, "change_message": "[{\"changed\": {\"fields\": [\"Name\"]}}]"}}, {"model": "admin.logentry", "pk": 5, "fields": {"action_time": "2024-01-18T14:57:11.791Z", "user": 1, "content_type": 10, "object_id": "2", "object_repr": "Skills: OOP: JAVA, Python or C++", "action_flag": 2, "change_message": "[{\"changed\": {\"fields\": [\"Name\"]}}]"}}, {"model": "admin.logentry", "pk": 6, "fields": {"action_time": "2024-01-18T14:58:26.288Z", "user": 1, "content_type": 7, "object_id": "13", "object_repr": "(JobPost 11, Salary: 98985.0)", "action_flag": 2, "change_message": "[{\"changed\": {\"fields\": [\"Expiry Date\", \"Location\", \"Author\"]}}]"}}, {"model": "admin.logentry", "pk": 7, "fields": {"action_time": "2024-01-18T14:58:55.678Z", "user": 1, "content_type": 7, "object_id": "13", "object_repr": "(JobPost 11, Salary: 98985.0)", "action_flag": 2, "change_message": "[]"}}, {"model": "admin.logentry", "pk": 8, "fields": {"action_time": "2024-01-18T15:00:33.599Z", "user": 1, "content_type": 10, "object_id": "4", "object_repr": "Skills: MySQL", "action_flag": 1, "change_message": "[{\"added\": {}}]"}}, {"model": "admin.logentry", "pk": 9, "fields": {"action_time": "2024-01-18T15:00:42.431Z", "user": 1, "content_type": 7, "object_id": "13", "object_repr": "(JobPost 11, Salary: 98985.0)", "action_flag": 2, "change_message": "[{\"changed\": {\"fields\": [\"Skills\"]}}]"}}, {"model": "admin.logentry", "pk": 10, "fields": {"action_time": "2024-01-18T15:01:15.190Z", "user": 1, "content_type": 8, "object_id": "8", "object_repr": "(Location: India, Navi Mumbai, Panvel)", "action_flag": 1, "change_message": "[{\"added\": {}}]"}}, {"model": "admin.logentry", "pk": 11, "fields": {"action_time": "2024-01-18T15:01:29.685Z", "user": 1, "content_type": 8, "object_id": "8", "object_repr": "(Location: India, Navi Mumbai)", "action_flag": 2, "change_message": "[{\"changed\": {\"fields\": [\"City\"]}}]"}}, {"model": "admin.logentry", "pk": 12, "fields": {"action_time": "2024-01-18T15:01:39.261Z", "user": 1, "content_type": 8, "object_id": "2", "object_repr": "(Location: India, Navi Mumbai)", "action_flag": 2, "change_message": "[]"}}, {"model": "admin.logentry", "pk": 13, "fields": {"action_time": "2024-01-18T15:01:41.839Z", "user": 1, "content_type": 8, "object_id": "8", "object_repr": "(Location: India, Navi Mumbai)", "action_flag": 2, "change_message": "[]"}}, {"model": "admin.logentry", "pk": 14, "fields": {"action_time": "2024-01-18T15:02:49.915Z", "user": 1, "content_type": 9, "object_id": "7", "object_repr": "Rajpal Sharma - 0xEnterprises", "action_flag": 1, "change_message": "[{\"added\": {}}]"}}, {"model": "admin.logentry", "pk": 15, "fields": {"action_time": "2024-01-18T15:05:41.563Z", "user": 1, "content_type": 7, "object_id": "12", "object_repr": "(JobPost 10, Salary: 32000.0)", "action_flag": 2, "change_message": "[{\"changed\": {\"fields\": [\"Expiry Date\", \"Location\"]}}]"}}, {"model": "admin.logentry", "pk": 16, "fields": {"action_time": "2024-01-18T15:07:42.632Z", "user": 1, "content_type": 7, "object_id": "11", "object_repr": "(JobPost 9, Salary: 5844.0)", "action_flag": 2, "change_message": "[{\"changed\": {\"fields\": [\"Expiry Date\", \"Location\"]}}]"}}, {"model": "admin.logentry", "pk": 17, "fields": {"action_time": "2024-01-18T15:09:26.296Z", "user": 1, "content_type": 8, "object_id": "9", "object_repr": "(Location: United States, Southfield)", "action_flag": 1, "change_message": "[{\"added\": {}}]"}}, {"model": "admin.logentry", "pk": 18, "fields": {"action_time": "2024-01-18T15:10:06.487Z", "user": 1, "content_type": 8, "object_id": "10", "object_repr": "(Location: United States, Charlotte)", "action_flag": 1, "change_message": "[{\"added\": {}}]"}}, {"model": "admin.logentry", "pk": 19, "fields": {"action_time": "2024-01-18T15:10:32.525Z", "user": 1, "content_type": 8, "object_id": "11", "object_repr": "(Location: United States, Warren)", "action_flag": 1, "change_message": "[{\"added\": {}}]"}}, {"model": "admin.logentry", "pk": 20, "fields": {"action_time": "2024-01-18T15:15:05.100Z", "user": 1, "content_type": 8, "object_id": "12", "object_repr": "(Location: United Kingdom, Bromsgrove)", "action_flag": 1, "change_message": "[{\"added\": {}}]"}}, {"model": "admin.logentry", "pk": 21, "fields": {"action_time": "2024-01-18T15:16:07.822Z", "user": 1, "content_type": 10, "object_id": "5", "object_repr": "Skills: Django", "action_flag": 1, "change_message": "[{\"added\": {}}]"}}, {"model": "admin.logentry", "pk": 22, "fields": {"action_time": "2024-01-18T15:16:12.195Z", "user": 1, "content_type": 10, "object_id": "6", "object_repr": "Skills: Amazon Web Services (AWS)", "action_flag": 1, "change_message": "[{\"added\": {}}]"}}, {"model": "admin.logentry", "pk": 23, "fields": {"action_time": "2024-01-18T15:16:14.951Z", "user": 1, "content_type": 10, "object_id": "7", "object_repr": "Skills: APIs", "action_flag": 1, "change_message": "[{\"added\": {}}]"}}, {"model": "admin.logentry", "pk": 24, "fields": {"action_time": "2024-01-18T15:16:17.776Z", "user": 1, "content_type": 10, "object_id": "8", "object_repr": "Skills: Docker", "action_flag": 1, "change_message": "[{\"added\": {}}]"}}, {"model": "admin.logentry", "pk": 25, "fields": {"action_time": "2024-01-18T15:16:21.586Z", "user": 1, "content_type": 10, "object_id": "9", "object_repr": "Skills: Linux", "action_flag": 1, "change_message": "[{\"added\": {}}]"}}, {"model": "admin.logentry", "pk": 26, "fields": {"action_time": "2024-01-18T15:16:24.042Z", "user": 1, "content_type": 10, "object_id": "10", "object_repr": "Skills: Cloud Computing", "action_flag": 1, "change_message": "[{\"added\": {}}]"}}, {"model": "admin.logentry", "pk": 27, "fields": {"action_time": "2024-01-18T15:16:28.094Z", "user": 1, "content_type": 10, "object_id": "11", "object_repr": "Skills: Machine Learning", "action_flag": 1, "change_message": "[{\"added\": {}}]"}}, {"model": "admin.logentry", "pk": 28, "fields": {"action_time": "2024-01-18T15:17:51.953Z", "user": 1, "content_type": 10, "object_id": "12", "object_repr": "Skills: VCS: Git, GitLab, Bitbucket, etc.", "action_flag": 1, "change_message": "[{\"added\": {}}]"}}, {"model": "admin.logentry", "pk": 29, "fields": {"action_time": "2024-01-18T15:17:56.482Z", "user": 1, "content_type": 10, "object_id": "13", "object_repr": "Skills: React", "action_flag": 1, "change_message": "[{\"added\": {}}]"}}, {"model": "admin.logentry", "pk": 30, "fields": {"action_time": "2024-01-18T15:17:58.830Z", "user": 1, "content_type": 10, "object_id": "14", "object_repr": "Skills: Flask", "action_flag": 1, "change_message": "[{\"added\": {}}]"}}, {"model": "admin.logentry", "pk": 31, "fields": {"action_time": "2024-01-18T15:18:03.299Z", "user": 1, "content_type": 10, "object_id": "15", "object_repr": "Skills: REST", "action_flag": 1, "change_message": "[{\"added\": {}}]"}}, {"model": "admin.logentry", "pk": 32, "fields": {"action_time": "2024-01-18T15:18:06.460Z", "user": 1, "content_type": 10, "object_id": "16", "object_repr": "Skills: PostgreSQL", "action_flag": 1, "change_message": "[{\"added\": {}}]"}}, {"model": "admin.logentry", "pk": 33, "fields": {"action_time": "2024-01-18T15:18:09.252Z", "user": 1, "content_type": 10, "object_id": "17", "object_repr": "Skills: Microservices", "action_flag": 1, "change_message": "[{\"added\": {}}]"}}, {"model": "admin.logentry", "pk": 34, "fields": {"action_time": "2024-01-18T15:18:11.900Z", "user": 1, "content_type": 10, "object_id": "18", "object_repr": "Skills: DevOps", "action_flag": 1, "change_message": "[{\"added\": {}}]"}}, {"model": "admin.logentry", "pk": 35, "fields": {"action_time": "2024-01-18T15:20:32.299Z", "user": 1, "content_type": 7, "object_id": "7", "object_repr": "(JobPost 2, Salary: 6969.0)", "action_flag": 2, "change_message": "[{\"changed\": {\"fields\": [\"Expiry Date\", \"Skills\"]}}]"}}, {"model": "admin.logentry", "pk": 36, "fields": {"action_time": "2024-01-18T15:22:34.654Z", "user": 1, "content_type": 7, "object_id": "4", "object_repr": "(JobPost 4, Salary: 37000.0)", "action_flag": 2, "change_message": "[{\"changed\": {\"fields\": [\"Expiry Date\", \"Location\", \"Skills\"]}}]"}}, {"model": "admin.logentry", "pk": 37, "fields": {"action_time": "2024-01-26T08:43:21.509Z", "user": 1, "content_type": 12, "object_id": "1", "object_repr": "android logo ico", "action_flag": 1, "change_message": "[{\"added\": {}}]"}}, {"model": "admin.logentry", "pk": 38, "fields": {"action_time": "2024-01-27T13:30:22.908Z", "user": 1, "content_type": 10, "object_id": "18", "object_repr": "Skills: DevOps", "action_flag": 3, "change_message": ""}}, {"model": "admin.logentry", "pk": 39, "fields": {"action_time": "2024-01-27T13:30:23.013Z", "user": 1, "content_type": 10, "object_id": "17", "object_repr": "Skills: Microservices", "action_flag": 3, "change_message": ""}}, {"model": "admin.logentry", "pk": 40, "fields": {"action_time": "2024-01-27T13:30:23.112Z", "user": 1, "content_type": 10, "object_id": "16", "object_repr": "Skills: PostgreSQL", "action_flag": 3, "change_message": ""}}, {"model": "admin.logentry", "pk": 41, "fields": {"action_time": "2024-01-27T13:30:23.193Z", "user": 1, "content_type": 10, "object_id": "15", "object_repr": "Skills: REST", "action_flag": 3, "change_message": ""}}, {"model": "admin.logentry", "pk": 42, "fields": {"action_time": "2024-01-27T13:30:23.280Z", "user": 1, "content_type": 10, "object_id": "14", "object_repr": "Skills: Flask", "action_flag": 3, "change_message": ""}}, {"model": "admin.logentry", "pk": 43, "fields": {"action_time": "2024-01-27T13:30:23.368Z", "user": 1, "content_type": 10, "object_id": "13", "object_repr": "Skills: React", "action_flag": 3, "change_message": ""}}, {"model": "admin.logentry", "pk": 44, "fields": {"action_time": "2024-01-27T13:30:23.451Z", "user": 1, "content_type": 10, "object_id": "12", "object_repr": "Skills: VCS: Git, GitLab, Bitbucket, etc.", "action_flag": 3, "change_message": ""}}, {"model": "admin.logentry", "pk": 45, "fields": {"action_time": "2024-01-27T13:30:23.567Z", "user": 1, "content_type": 10, "object_id": "11", "object_repr": "Skills: Machine Learning", "action_flag": 3, "change_message": ""}}, {"model": "admin.logentry", "pk": 46, "fields": {"action_time": "2024-01-27T13:30:23.659Z", "user": 1, "content_type": 10, "object_id": "10", "object_repr": "Skills: Cloud Computing", "action_flag": 3, "change_message": ""}}, {"model": "admin.logentry", "pk": 47, "fields": {"action_time": "2024-01-27T13:30:23.738Z", "user": 1, "content_type": 10, "object_id": "9", "object_repr": "Skills: Linux", "action_flag": 3, "change_message": ""}}, {"model": "admin.logentry", "pk": 48, "fields": {"action_time": "2024-01-27T13:30:23.817Z", "user": 1, "content_type": 10, "object_id": "8", "object_repr": "Skills: Docker", "action_flag": 3, "change_message": ""}}, {"model": "admin.logentry", "pk": 49, "fields": {"action_time": "2024-01-27T13:30:23.905Z", "user": 1, "content_type": 10, "object_id": "7", "object_repr": "Skills: APIs", "action_flag": 3, "change_message": ""}}, {"model": "admin.logentry", "pk": 50, "fields": {"action_time": "2024-01-27T13:30:24.000Z", "user": 1, "content_type": 10, "object_id": "6", "object_repr": "Skills: Amazon Web Services (AWS)", "action_flag": 3, "change_message": ""}}, {"model": "admin.logentry", "pk": 51, "fields": {"action_time": "2024-01-27T13:30:24.103Z", "user": 1, "content_type": 10, "object_id": "5", "object_repr": "Skills: Django", "action_flag": 3, "change_message": ""}}, {"model": "admin.logentry", "pk": 52, "fields": {"action_time": "2024-01-27T13:30:24.185Z", "user": 1, "content_type": 10, "object_id": "4", "object_repr": "Skills: MySQL", "action_flag": 3, "change_message": ""}}, {"model": "admin.logentry", "pk": 53, "fields": {"action_time": "2024-01-27T13:30:24.277Z", "user": 1, "content_type": 10, "object_id": "3", "object_repr": "Skills: JavaScript", "action_flag": 3, "change_message": ""}}, {"model": "admin.logentry", "pk": 54, "fields": {"action_time": "2024-01-27T13:30:24.369Z", "user": 1, "content_type": 10, "object_id": "2", "object_repr": "Skills: OOP: JAVA, Python or C++", "action_flag": 3, "change_message": ""}}, {"model": "admin.logentry", "pk": 55, "fields": {"action_time": "2024-01-27T13:30:24.460Z", "user": 1, "content_type": 10, "object_id": "1", "object_repr": "Skills: Softskills", "action_flag": 3, "change_message": ""}}, {"model": "admin.logentry", "pk": 56, "fields": {"action_time": "2024-01-27T13:30:54.515Z", "user": 1, "content_type": 10, "object_id": "19", "object_repr": "Skills: DevOps", "action_flag": 1, "change_message": "[{\"added\": {}}]"}}, {"model": "admin.logentry", "pk": 57, "fields": {"action_time": "2024-01-27T13:31:01.506Z", "user": 1, "content_type": 10, "object_id": "20", "object_repr": "Skills: Microservices", "action_flag": 1, "change_message": "[{\"added\": {}}]"}}, {"model": "admin.logentry", "pk": 58, "fields": {"action_time": "2024-01-27T13:31:18.941Z", "user": 1, "content_type": 10, "object_id": "21", "object_repr": "Skills: PostgreSQL", "action_flag": 1, "change_message": "[{\"added\": {}}]"}}, {"model": "admin.logentry", "pk": 59, "fields": {"action_time": "2024-01-27T13:31:21.631Z", "user": 1, "content_type": 10, "object_id": "22", "object_repr": "Skills: REST", "action_flag": 1, "change_message": "[{\"added\": {}}]"}}, {"model": "admin.logentry", "pk": 60, "fields": {"action_time": "2024-01-27T13:31:25.938Z", "user": 1, "content_type": 10, "object_id": "23", "object_repr": "Skills: Flask", "action_flag": 1, "change_message": "[{\"added\": {}}]"}}, {"model": "admin.logentry", "pk": 61, "fields": {"action_time": "2024-01-27T13:31:34.294Z", "user": 1, "content_type": 10, "object_id": "24", "object_repr": "Skills: Django", "action_flag": 1, "change_message": "[{\"added\": {}}]"}}, {"model": "admin.logentry", "pk": 62, "fields": {"action_time": "2024-01-27T13:31:37.746Z", "user": 1, "content_type": 10, "object_id": "25", "object_repr": "Skills: React", "action_flag": 1, "change_message": "[{\"added\": {}}]"}}, {"model": "admin.logentry", "pk": 63, "fields": {"action_time": "2024-01-27T13:31:45.140Z", "user": 1, "content_type": 10, "object_id": "26", "object_repr": "Skills: VCS: Git, GitLab, Bitbucket, etc.", "action_flag": 1, "change_message": "[{\"added\": {}}]"}}, {"model": "admin.logentry", "pk": 64, "fields": {"action_time": "2024-01-27T13:31:57.912Z", "user": 1, "content_type": 10, "object_id": "27", "object_repr": "Skills: Machine Learning and Data Science", "action_flag": 1, "change_message": "[{\"added\": {}}]"}}, {"model": "admin.logentry", "pk": 65, "fields": {"action_time": "2024-01-27T13:32:02.194Z", "user": 1, "content_type": 10, "object_id": "28", "object_repr": "Skills: Cloud Computing", "action_flag": 1, "change_message": "[{\"added\": {}}]"}}, {"model": "admin.logentry", "pk": 66, "fields": {"action_time": "2024-01-27T13:32:04.626Z", "user": 1, "content_type": 10, "object_id": "29", "object_repr": "Skills: Linux", "action_flag": 1, "change_message": "[{\"added\": {}}]"}}, {"model": "admin.logentry", "pk": 67, "fields": {"action_time": "2024-01-27T13:32:16.742Z", "user": 1, "content_type": 10, "object_id": "30", "object_repr": "Skills: APIs", "action_flag": 1, "change_message": "[{\"added\": {}}]"}}, {"model": "admin.logentry", "pk": 68, "fields": {"action_time": "2024-01-27T13:32:37.223Z", "user": 1, "content_type": 10, "object_id": "31", "object_repr": "Skills: Docker", "action_flag": 1, "change_message": "[{\"added\": {}}]"}}, {"model": "admin.logentry", "pk": 69, "fields": {"action_time": "2024-01-27T13:32:42.865Z", "user": 1, "content_type": 10, "object_id": "32", "object_repr": "Skills: Amazon Web Services (AWS)", "action_flag": 1, "change_message": "[{\"added\": {}}]"}}, {"model": "admin.logentry", "pk": 70, "fields": {"action_time": "2024-01-27T13:32:47.036Z", "user": 1, "content_type": 10, "object_id": "33", "object_repr": "Skills: Django", "action_flag": 1, "change_message": "[{\"added\": {}}]"}}, {"model": "admin.logentry", "pk": 71, "fields": {"action_time": "2024-01-27T13:32:49.597Z", "user": 1, "content_type": 10, "object_id": "34", "object_repr": "Skills: MySQL", "action_flag": 1, "change_message": "[{\"added\": {}}]"}}, {"model": "admin.logentry", "pk": 72, "fields": {"action_time": "2024-01-27T13:32:52.420Z", "user": 1, "content_type": 10, "object_id": "35", "object_repr": "Skills: JavaScript", "action_flag": 1, "change_message": "[{\"added\": {}}]"}}, {"model": "admin.logentry", "pk": 73, "fields": {"action_time": "2024-01-27T13:32:56.953Z", "user": 1, "content_type": 10, "object_id": "36", "object_repr": "Skills: OOP: JAVA, Python or C++", "action_flag": 1, "change_message": "[{\"added\": {}}]"}}, {"model": "admin.logentry", "pk": 74, "fields": {"action_time": "2024-01-27T13:33:00.238Z", "user": 1, "content_type": 10, "object_id": "37", "object_repr": "Skills: Softskills", "action_flag": 1, "change_message": "[{\"added\": {}}]"}}, {"model": "admin.logentry", "pk": 75, "fields": {"action_time": "2024-01-27T13:33:17.430Z", "user": 1, "content_type": 10, "object_id": "38", "object_repr": "Skills: Marketing", "action_flag": 1, "change_message": "[{\"added\": {}}]"}}, {"model": "admin.logentry", "pk": 76, "fields": {"action_time": "2024-01-27T13:33:35.922Z", "user": 1, "content_type": 10, "object_id": "39", "object_repr": "Skills: Interpersonal", "action_flag": 1, "change_message": "[{\"added\": {}}]"}}, {"model": "admin.logentry", "pk": 77, "fields": {"action_time": "2024-01-27T13:45:17.587Z", "user": 1, "content_type": 7, "object_id": "11", "object_repr": "(JobPost 11, Salary: 98985.0)", "action_flag": 2, "change_message": "[{\"changed\": {\"fields\": [\"Skills\"]}}]"}}, {"model": "admin.logentry", "pk": 78, "fields": {"action_time": "2024-01-27T13:45:28.571Z", "user": 1, "content_type": 7, "object_id": "11", "object_repr": "(JobPost 11, Salary: 98985.0)", "action_flag": 2, "change_message": "[{\"changed\": {\"fields\": [\"Skills\"]}}]"}}, {"model": "admin.logentry", "pk": 79, "fields": {"action_time": "2024-01-28T06:53:30.810Z", "user": 1, "content_type": 11, "object_id": "15", "object_repr": "Subscribe object (15)", "action_flag": 1, "change_message": "[{\"added\": {}}]"}}, {"model": "auth.permission", "pk": 1, "fields": {"name": "Can add log entry", "content_type": 1, "codename": "add_logentry"}}, {"model": "auth.permission", "pk": 2, "fields": {"name": "Can change log entry", "content_type": 1, "codename": "change_logentry"}}, {"model": "auth.permission", "pk": 3, "fields": {"name": "Can delete log entry", "content_type": 1, "codename": "delete_logentry"}}, {"model": "auth.permission", "pk": 4, "fields": {"name": "Can view log entry", "content_type": 1, "codename": "view_logentry"}}, {"model": "auth.permission", "pk": 5, "fields": {"name": "Can add permission", "content_type": 2, "codename": "add_permission"}}, {"model": "auth.permission", "pk": 6, "fields": {"name": "Can change permission", "content_type": 2, "codename": "change_permission"}}, {"model": "auth.permission", "pk": 7, "fields": {"name": "Can delete permission", "content_type": 2, "codename": "delete_permission"}}, {"model": "auth.permission", "pk": 8, "fields": {"name": "Can view permission", "content_type": 2, "codename": "view_permission"}}, {"model": "auth.permission", "pk": 9, "fields": {"name": "Can add group", "content_type": 3, "codename": "add_group"}}, {"model": "auth.permission", "pk": 10, "fields": {"name": "Can change group", "content_type": 3, "codename": "change_group"}}, {"model": "auth.permission", "pk": 11, "fields": {"name": "Can delete group", "content_type": 3, "codename": "delete_group"}}, {"model": "auth.permission", "pk": 12, "fields": {"name": "Can view group", "content_type": 3, "codename": "view_group"}}, {"model": "auth.permission", "pk": 13, "fields": {"name": "Can add user", "content_type": 4, "codename": "add_user"}}, {"model": "auth.permission", "pk": 14, "fields": {"name": "Can change user", "content_type": 4, "codename": "change_user"}}, {"model": "auth.permission", "pk": 15, "fields": {"name": "Can delete user", "content_type": 4, "codename": "delete_user"}}, {"model": "auth.permission", "pk": 16, "fields": {"name": "Can view user", "content_type": 4, "codename": "view_user"}}, {"model": "auth.permission", "pk": 17, "fields": {"name": "Can add content type", "content_type": 5, "codename": "add_contenttype"}}, {"model": "auth.permission", "pk": 18, "fields": {"name": "Can change content type", "content_type": 5, "codename": "change_contenttype"}}, {"model": "auth.permission", "pk": 19, "fields": {"name": "Can delete content type", "content_type": 5, "codename": "delete_contenttype"}}, {"model": "auth.permission", "pk": 20, "fields": {"name": "Can view content type", "content_type": 5, "codename": "view_contenttype"}}, {"model": "auth.permission", "pk": 21, "fields": {"name": "Can add session", "content_type": 6, "codename": "add_session"}}, {"model": "auth.permission", "pk": 22, "fields": {"name": "Can change session", "content_type": 6, "codename": "change_session"}}, {"model": "auth.permission", "pk": 23, "fields": {"name": "Can delete session", "content_type": 6, "codename": "delete_session"}}, {"model": "auth.permission", "pk": 24, "fields": {"name": "Can view session", "content_type": 6, "codename": "view_session"}}, {"model": "auth.permission", "pk": 25, "fields": {"name": "Can add job post", "content_type": 7, "codename": "add_jobpost"}}, {"model": "auth.permission", "pk": 26, "fields": {"name": "Can change job post", "content_type": 7, "codename": "change_jobpost"}}, {"model": "auth.permission", "pk": 27, "fields": {"name": "Can delete job post", "content_type": 7, "codename": "delete_jobpost"}}, {"model": "auth.permission", "pk": 28, "fields": {"name": "Can view job post", "content_type": 7, "codename": "view_jobpost"}}, {"model": "auth.permission", "pk": 29, "fields": {"name": "Can add location", "content_type": 8, "codename": "add_location"}}, {"model": "auth.permission", "pk": 30, "fields": {"name": "Can change location", "content_type": 8, "codename": "change_location"}}, {"model": "auth.permission", "pk": 31, "fields": {"name": "Can delete location", "content_type": 8, "codename": "delete_location"}}, {"model": "auth.permission", "pk": 32, "fields": {"name": "Can view location", "content_type": 8, "codename": "view_location"}}, {"model": "auth.permission", "pk": 33, "fields": {"name": "Can add author", "content_type": 9, "codename": "add_author"}}, {"model": "auth.permission", "pk": 34, "fields": {"name": "Can change author", "content_type": 9, "codename": "change_author"}}, {"model": "auth.permission", "pk": 35, "fields": {"name": "Can delete author", "content_type": 9, "codename": "delete_author"}}, {"model": "auth.permission", "pk": 36, "fields": {"name": "Can view author", "content_type": 9, "codename": "view_author"}}, {"model": "auth.permission", "pk": 37, "fields": {"name": "Can add skills", "content_type": 10, "codename": "add_skills"}}, {"model": "auth.permission", "pk": 38, "fields": {"name": "Can change skills", "content_type": 10, "codename": "change_skills"}}, {"model": "auth.permission", "pk": 39, "fields": {"name": "Can delete skills", "content_type": 10, "codename": "delete_skills"}}, {"model": "auth.permission", "pk": 40, "fields": {"name": "Can view skills", "content_type": 10, "codename": "view_skills"}}, {"model": "auth.permission", "pk": 41, "fields": {"name": "Can add skill", "content_type": 10, "codename": "add_skill"}}, {"model": "auth.permission", "pk": 42, "fields": {"name": "Can change skill", "content_type": 10, "codename": "change_skill"}}, {"model": "auth.permission", "pk": 43, "fields": {"name": "Can delete skill", "content_type": 10, "codename": "delete_skill"}}, {"model": "auth.permission", "pk": 44, "fields": {"name": "Can view skill", "content_type": 10, "codename": "view_skill"}}, {"model": "auth.permission", "pk": 45, "fields": {"name": "Can add subscribe", "content_type": 11, "codename": "add_subscribe"}}, {"model": "auth.permission", "pk": 46, "fields": {"name": "Can change subscribe", "content_type": 11, "codename": "change_subscribe"}}, {"model": "auth.permission", "pk": 47, "fields": {"name": "Can delete subscribe", "content_type": 11, "codename": "delete_subscribe"}}, {"model": "auth.permission", "pk": 48, "fields": {"name": "Can view subscribe", "content_type": 11, "codename": "view_subscribe"}}, {"model": "auth.permission", "pk": 49, "fields": {"name": "Can add uploads", "content_type": 12, "codename": "add_uploads"}}, {"model": "auth.permission", "pk": 50, "fields": {"name": "Can change uploads", "content_type": 12, "codename": "change_uploads"}}, {"model": "auth.permission", "pk": 51, "fields": {"name": "Can delete uploads", "content_type": 12, "codename": "delete_uploads"}}, {"model": "auth.permission", "pk": 52, "fields": {"name": "Can view uploads", "content_type": 12, "codename": "view_uploads"}}, {"model": "auth.permission", "pk": 53, "fields": {"name": "Can add upload file", "content_type": 13, "codename": "add_uploadfile"}}, {"model": "auth.permission", "pk": 54, "fields": {"name": "Can change upload file", "content_type": 13, "codename": "change_uploadfile"}}, {"model": "auth.permission", "pk": 55, "fields": {"name": "Can delete upload file", "content_type": 13, "codename": "delete_uploadfile"}}, {"model": "auth.permission", "pk": 56, "fields": {"name": "Can view upload file", "content_type": 13, "codename": "view_uploadfile"}}, {"model": "auth.user", "pk": 1, "fields": {"password": "pbkdf2_sha256$720000$fz61ySopeMt4zKg5omLj1J$WRMo+KPlv1pMewemF4Wm3bsE510ddplV8ATVvO99tVw=", "last_login": "2024-01-28T06:52:56.756Z", "is_superuser": true, "username": "qn4l", "first_name": "", "last_name": "", "email": "", "is_staff": true, "is_active": true, "date_joined": "2024-01-16T08:06:01.088Z", "groups": [], "user_permissions": []}}, {"model": "contenttypes.contenttype", "pk": 1, "fields": {"app_label": "admin", "model": "logentry"}}, {"model": "contenttypes.contenttype", "pk": 2, "fields": {"app_label": "auth", "model": "permission"}}, {"model": "contenttypes.contenttype", "pk": 3, "fields": {"app_label": "auth", "model": "group"}}, {"model": "contenttypes.contenttype", "pk": 4, "fields": {"app_label": "auth", "model": "user"}}, {"model": "contenttypes.contenttype", "pk": 5, "fields": {"app_label": "contenttypes", "model": "contenttype"}}, {"model": "contenttypes.contenttype", "pk": 6, "fields": {"app_label": "sessions", "model": "session"}}, {"model": "contenttypes.contenttype", "pk": 7, "fields": {"app_label": "app", "model": "jobpost"}}, {"model": "contenttypes.contenttype", "pk": 8, "fields": {"app_label": "app", "model": "location"}}, {"model": "contenttypes.contenttype", "pk": 9, "fields": {"app_label": "app", "model": "author"}}, {"model": "contenttypes.contenttype", "pk": 10, "fields": {"app_label": "app", "model": "skill"}}, {"model": "contenttypes.contenttype", "pk": 11, "fields": {"app_label": "subscribe", "model": "subscribe"}}, {"model": "contenttypes.contenttype", "pk": 12, "fields": {"app_label": "uploadapp", "model": "uploads"}}, {"model": "contenttypes.contenttype", "pk": 13, "fields": {"app_label": "uploadapp", "model": "uploadfile"}}, {"model": "sessions.session", "pk": "ajcgnoj79bz9a4fdmgvopnscpnwglnlo", "fields": {"session_data": ".eJxVjDEOwjAMRe-SGUWxXSUNIztnqGwnoQWUSk07Ie4OlTrA-t97_2UG3tZx2FpehimZswFz-t2E9ZHrDtKd6222Otd1mcTuij1os9c55eflcP8ORm7jtyYABuyUIgsKO4royGH2JWTtuh5FfSyUIER1oiWyJ8YQAXtyvQfz_gDJZDb5:1rQTbV:0_XTuJ_ezxRmjgQLWytpEijzAdg3q8iLl8s6-KiqVD4", "expire_date": "2024-02-01T14:42:49.277Z"}}, {"model": "sessions.session", "pk": "sih92a186iqwtremp4bgnt4oaie70oc8", "fields": {"session_data": ".eJxVjDEOwjAMRe-SGUWxXSUNIztnqGwnoQWUSk07Ie4OlTrA-t97_2UG3tZx2FpehimZswFz-t2E9ZHrDtKd6222Otd1mcTuij1os9c55eflcP8ORm7jtyYABuyUIgsKO4royGH2JWTtuh5FfSyUIER1oiWyJ8YQAXtyvQfz_gDJZDb5:1rTz2G:3ay0SUQuKx0QfA0Nc5bx06oZUkQ-TKrhzEe-DovOFRI", "expire_date": "2024-02-11T06:52:56.860Z"}}, {"model": "app.skill", "pk": 19, "fields": {"name": "DevOps"}}, {"model": "app.skill", "pk": 20, "fields": {"name": "Microservices"}}, {"model": "app.skill", "pk": 21, "fields": {"name": "PostgreSQL"}}, {"model": "app.skill", "pk": 22, "fields": {"name": "REST"}}, {"model": "app.skill", "pk": 23, "fields": {"name": "Flask"}}, {"model": "app.skill", "pk": 24, "fields": {"name": "Django"}}, {"model": "app.skill", "pk": 25, "fields": {"name": "React"}}, {"model": "app.skill", "pk": 26, "fields": {"name": "VCS: Git, GitLab, Bitbucket, etc."}}, {"model": "app.skill", "pk": 27, "fields": {"name": "Machine Learning and Data Science"}}, {"model": "app.skill", "pk": 28, "fields": {"name": "Cloud Computing"}}, {"model": "app.skill", "pk": 29, "fields": {"name": "Linux"}}, {"model": "app.skill", "pk": 30, "fields": {"name": "APIs"}}, {"model": "app.skill", "pk": 31, "fields": {"name": "Docker"}}, {"model": "app.skill", "pk": 32, "fields": {"name": "Amazon Web Services (AWS)"}}, {"model": "app.skill", "pk": 33, "fields": {"name": "Django"}}, {"model": "app.skill", "pk": 34, "fields": {"name": "MySQL"}}, {"model": "app.skill", "pk": 35, "fields": {"name": "JavaScript"}}, {"model": "app.skill", "pk": 36, "fields": {"name": "OOP: JAVA, Python or C++"}}, {"model": "app.skill", "pk": 37, "fields": {"name": "Softskills"}}, {"model": "app.skill", "pk": 38, "fields": {"name": "Marketing"}}, {"model": "app.skill", "pk": 39, "fields": {"name": "Interpersonal"}}, {"model": "app.author", "pk": 1, "fields": {"name": "Rohan James", "company": "Infinite Solutions", "designation": "Product Manager"}}, {"model": "app.author", "pk": 3, "fields": {"name": "Johan Patterson", "company": "Meta Inc.", "designation": "Hiring Manager"}}, {"model": "app.author", "pk": 6, "fields": {"name": "Shikha Kadian", "company": "Jennerus Biocorp", "designation": "HR Hiring Manager"}}, {"model": "app.author", "pk": 7, "fields": {"name": "Rajpal Sharma", "company": "0xEnterprises", "designation": "Manager"}}, {"model": "app.location", "pk": 1, "fields": {"country": "India", "city": "Deoria", "state": "Uttar Pradesh", "zipcode": "274001"}}, {"model": "app.location", "pk": 2, "fields": {"country": "India", "city": "Navi Mumbai", "state": "Maharashtra", "zipcode": "410210"}}, {"model": "app.location", "pk": 6, "fields": {"country": "India", "city": "Rewa", "state": "Madhya Pradesh", "zipcode": "248005"}}, {"model": "app.location", "pk": 7, "fields": {"country": "India", "city": "Kochinagar", "state": "Kerala", "zipcode": "486001"}}, {"model": "app.location", "pk": 8, "fields": {"country": "India", "city": "Navi Mumbai", "state": "Maharashtra", "zipcode": "410209"}}, {"model": "app.location", "pk": 9, "fields": {"country": "United States", "city": "Southfield", "state": "Michigan", "zipcode": "48034"}}, {"model": "app.location", "pk": 10, "fields": {"country": "United States", "city": "Charlotte", "state": "North Carolina", "zipcode": "28202"}}, {"model": "app.location", "pk": 11, "fields": {"country": "United States", "city": "Warren", "state": "Michigan", "zipcode": "48397"}}, {"model": "app.location", "pk": 12, "fields": {"country": "United Kingdom", "city": "Bromsgrove", "state": "Glasgow City", "zipcode": "B60 3BW"}}, {"model": "app.jobpost", "pk": 1, "fields": {"title": "JobPost 1", "description": "example_1", "salary": 6900.0, "date_posted": "2024-01-13T13:32:51.968Z", "slug": "jobpost-1", "expiry_date": null, "location": 1, "author": 6, "type": "Full Time", "skills": []}}, {"model": "app.jobpost", "pk": 2, "fields": {"title": "JobPost 4", "description": "example_4", "salary": 37000.0, "date_posted": "2024-01-14T11:42:20.341Z", "slug": "jobpost-4", "expiry_date": "2024-01-31", "location": 12, "author": 6, "type": "Full Time", "skills": []}}, {"model": "app.jobpost", "pk": 3, "fields": {"title": "JobPost 5", "description": "example_5", "salary": 15000.0, "date_posted": "2024-01-15T06:56:35.456Z", "slug": "jobpost-5", "expiry_date": null, "location": null, "author": 6, "type": "Full Time", "skills": []}}, {"model": "app.jobpost", "pk": 4, "fields": {"title": "JobPost 6", "description": "We are a unicorn startup, 500 fortune company.\r\nAs a Digital marketing Intern, you are expected to have at least 1 year of work experience.\r\n\r\nRequired Qualification:\r\n1.) Minimum 70% in B.E/B.TECH", "salary": 8000.0, "date_posted": "2024-01-15T07:07:00.414Z", "slug": "jobpost-6", "expiry_date": "2024-02-06", "location": null, "author": 3, "type": "Full Time", "skills": []}}, {"model": "app.jobpost", "pk": 5, "fields": {"title": "JobPost 2", "description": "test-autoincrement off", "salary": 6969.0, "date_posted": "2024-01-17T10:57:53.544Z", "slug": "jobpost-2", "expiry_date": "2024-03-10", "location": null, "author": 1, "type": "Full Time", "skills": []}}, {"model": "app.jobpost", "pk": 6, "fields": {"title": "JobPost 3", "description": "example_3", "salary": 5500.0, "date_posted": "2024-01-17T10:59:27.164Z", "slug": "jobpost-3", "expiry_date": null, "location": 2, "author": 1, "type": "Full Time", "skills": []}}, {"model": "app.jobpost", "pk": 7, "fields": {"title": "JobPost 7", "description": "testexampple", "salary": 5844.0, "date_posted": "2024-01-18T09:02:14.736Z", "slug": "jobpost-7", "expiry_date": null, "location": null, "author": 1, "type": "Full Time", "skills": []}}, {"model": "app.jobpost", "pk": 8, "fields": {"title": "JobPost 8", "description": "testexampple", "salary": 5844.0, "date_posted": "2024-01-18T09:05:28.294Z", "slug": "jobpost-8", "expiry_date": null, "location": null, "author": 1, "type": "Full Time", "skills": []}}, {"model": "app.jobpost", "pk": 9, "fields": {"title": "JobPost 9", "description": "testexampple", "salary": 5844.0, "date_posted": "2024-01-18T09:06:26.703Z", "slug": "jobpost-9", "expiry_date": "2024-01-18", "location": 7, "author": 3, "type": "Full Time", "skills": []}}, {"model": "app.jobpost", "pk": 10, "fields": {"title": "JobPost 10", "description": "author_linked jp creation", "salary": 32000.0, "date_posted": "2024-01-18T09:37:37.089Z", "slug": "jobpost-10", "expiry_date": "2024-01-18", "location": 8, "author": 3, "type": "Part Time", "skills": []}}, {"model": "app.jobpost", "pk": 11, "fields": {"title": "JobPost 11", "description": "skills-eg-1", "salary": 98985.0, "date_posted": "2024-01-18T12:35:05.051Z", "slug": "jobpost-11", "expiry_date": "2024-02-14", "location": 6, "author": 3, "type": "Part Time", "skills": [24, 33]}}, {"model": "subscribe.subscribe", "pk": 1, "fields": {"first_name": "kunaaal", "last_name": "asd", "email": "hello@gmail.com", "message": "asdadadasd", "option": "W"}}, {"model": "subscribe.subscribe", "pk": 2, "fields": {"first_name": "kunaaal", "last_name": "Fryms", "email": "lanuk.frums@gmail.com", "message": "asdadadasd", "option": "W"}}, {"model": "subscribe.subscribe", "pk": 3, "fields": {"first_name": "kunaaal", "last_name": "asdads", "email": "kunal.chauhan19@comp.sce.edu.in", "message": "helloas", "option": "W"}}, {"model": "subscribe.subscribe", "pk": 4, "fields": {"first_name": "kunaaal", "last_name": "Fryms", "email": "lanuk.frums@gmail.com", "message": "after submission", "option": "W"}}, {"model": "subscribe.subscribe", "pk": 5, "fields": {"first_name": "testing", "last_name": "redirect", "email": "test@redirect.com", "message": "redirecting after thankyou back to this page subscribe/", "option": "W"}}, {"model": "subscribe.subscribe", "pk": 6, "fields": {"first_name": "Kunal,", "last_name": "chauhan", "email": "iamgamer@gmail.com", "message": "commavalidation", "option": "W"}}, {"model": "subscribe.subscribe", "pk": 7, "fields": {"first_name": "Kunal,", "last_name": "chauhan", "email": "iamgamer@gmail.com", "message": "commavalidation", "option": "W"}}, {"model": "subscribe.subscribe", "pk": 8, "fields": {"first_name": "testing", "last_name": "redirect", "email": "iamgamer@gmail.com", "message": "test", "option": "W"}}, {"model": "subscribe.subscribe", "pk": 9, "fields": {"first_name": "testing", "last_name": "asdads", "email": "lanuk.frums@gmail.com", "message": "after submission", "option": "W"}}, {"model": "subscribe.subscribe", "pk": 10, "fields": {"first_name": "1", "last_name": "2", "email": "3@gmail.com", "message": "4", "option": "W"}}, {"model": "subscribe.subscribe", "pk": 11, "fields": {"first_name": "isit", "last_name": "saving", "email": "saving@gmail.com", "message": "yes it is", "option": "W"}}, {"model": "subscribe.subscribe", "pk": 12, "fields": {"first_name": "1", "last_name": "asdads", "email": "whipskimoney@outlook.com", "message": "", "option": "W"}}, {"model": "subscribe.subscribe", "pk": 13, "fields": {"first_name": "anurag", "last_name": "chauhan", "email": "anurag.chauhan90844@gmail.com", "message": "", "option": "W"}}, {"model": "subscribe.subscribe", "pk": 14, "fields": {"first_name": "testing", "last_name": "asd", "email": "lanuk.frums@gmail.com", "message": "", "option": "Y"}}, {"model": "subscribe.subscribe", "pk": 15, "fields": {"first_name": "Rupen", "last_name": "Ingale", "email": "rupen.ingale21@gmail.com", "message": "hello", "option": "Y"}}, {"model": "subscribe.subscribe", "pk": 16, "fields": {"first_name": "test", "last_name": "lastname", "email": "a@yahoo.com", "message": "", "option": "M"}}, {"model": "uploadapp.uploads", "pk": 1, "fields": {"image": "images/android-chrome-192x192.ico", "description": "android logo ico"}}, {"model": "uploadapp.uploads", "pk": 2, "fields": {"image": "images/pexels-pixabay-434645.jpg", "description": "black and white desktop bg"}}, {"model": "uploadapp.uploads", "pk": 3, "fields": {"image": "images/pexels-pixabay-434645_fkV0MNQ.jpg", "description": "black and white desktop bg"}}, {"model": "uploadapp.uploads", "pk": 4, "fields": {"image": "images/background.jpeg", "description": "ben10"}}, {"model": "uploadapp.uploads", "pk": 5, "fields": {"image": "images/background_JsJ8SxH.jpeg", "description": "ben10"}}, {"model": "uploadapp.uploads", "pk": 6, "fields": {"image": "images/background_8FMQf3b.jpeg", "description": "ben10"}}, {"model": "uploadapp.uploads", "pk": 7, "fields": {"image": "images/background_O7oMh52.jpeg", "description": "ben10"}}, {"model": "uploadapp.uploads", "pk": 8, "fields": {"image": "images/_2b4288cc-a5f9-4678-a650-3a0cdf144c99.jpeg", "description": "krishnagod"}}, {"model": "uploadapp.uploads", "pk": 9, "fields": {"image": "images/wallpaperflare.com_wallpaper.jpg", "description": "girl alone"}}, {"model": "uploadapp.uploads", "pk": 10, "fields": {"image": "images/wallpaperflare.com_wallpaper_ye5DDCZ.jpg", "description": "girl alone"}}, {"model": "uploadapp.uploads", "pk": 11, "fields": {"image": "images/wallpaperflare.com_wallpaper_SO34pAa.jpg", "description": "girl alone"}}, {"model": "uploadapp.uploads", "pk": 12, "fields": {"image": "images/wallpaperflare.com_wallpaper_c2F943T.jpg", "description": "girl alone"}}, {"model": "uploadapp.uploads", "pk": 13, "fields": {"image": "images/wallpaperflare.com_wallpaper_FtTeeLr.jpg", "description": "girl alone"}}, {"model": "uploadapp.uploads", "pk": 14, "fields": {"image": "images/wallpaperflare.com_wallpaper_k3jPx7t.jpg", "description": "girl alone"}}, {"model": "uploadapp.uploads", "pk": 15, "fields": {"image": "images/wallpaperflare.com_wallpaper_HAX1hoZ.jpg", "description": "girl alone"}}, {"model": "uploadapp.uploads", "pk": 16, "fields": {"image": "images/wallpaperflare.com_wallpaper_v2oyz7U.jpg", "description": "girl alone"}}, {"model": "uploadapp.uploads", "pk": 17, "fields": {"image": "images/wallpaperflare.com_wallpaper_W8bhgJy.jpg", "description": "girl alone"}}, {"model": "uploadapp.uploads", "pk": 18, "fields": {"image": "images/clj4iip4msb3d664kh50.png", "description": "bliss girl"}}, {"model": "uploadapp.uploadfile", "pk": 1, "fields": {"file": "files/Valorant_Font_FKuXjlV.ttf", "description": "valorant font"}}, {"model": "uploadapp.uploadfile", "pk": 2, "fields": {"file": "files/Valorant_Font_86YWW42.ttf", "description": "valorant font"}}, {"model": "uploadapp.uploadfile", "pk": 3, "fields": {"file": "files/NETFLIX.txt", "description": "nfaccs"}}, {"model": "uploadapp.uploadfile", "pk": 4, "fields": {"file": "files/NETFLIX_Sylcusx.txt", "description": "nfaccs"}}, {"model": "uploadapp.uploadfile", "pk": 5, "fields": {"file": "files/NETFLIX_9SK1uJx.txt", "description": "nfaccs"}}, {"model": "uploadapp.uploadfile", "pk": 6, "fields": {"file": "files/NETFLIX_Neg8dAp.txt", "description": "nfaccs"}}, {"model": "uploadapp.uploadfile", "pk": 7, "fields": {"file": "files/NETFLIX_LoISiTY.txt", "description": "nfaccs"}}]
